PM2.5,PM10,NO2,CO,O3,SO2,Temperature,Humidity,AQI
62.43561663863075,145.66910852355414,22.587628239668867,2.6435007471674687,38.787625210949656,66.54647592429164,30.18108982626694,40.05636842489861,78.84394784041496
143.10000289738826,116.49734594194167,56.48059000094403,2.447991200385682,37.16766789791998,61.63316798306798,33.90044191574117,76.18482186470507,105.2252969360673
112.47915185359672,75.714970931539,87.92985440825879,0.2256461224515349,109.68800385731403,46.73525821353471,17.51403696377497,89.80665299325219,84.54594668772025
93.81218778758512,166.48310354725075,74.56136420890832,1.7721143553681664,37.45008198344567,76.57167720173078,28.74622298820997,22.101820373057496,102.39914491472709
31.84260966194111,143.25161105969826,81.62330904683772,1.9629585320507,39.91446987414941,17.637012211215417,27.15237949431246,82.81561060536524,68.71539072368864
31.83923284706837,49.27104908208044,67.58441983751814,2.0542316263948126,93.53380886597601,10.52260840415047,34.98491130364813,63.584137351906065,41.53250233710443
18.131705703547922,183.96689320889163,70.76627362919598,2.9428446092139287,59.4713826695594,68.60903342252293,37.18261181443782,88.13678334153748,78.86624302082431
131.26466040849093,168.0567037261704,85.67358689870534,2.7146524789617046,95.43816126506994,36.25368569743237,10.364703144321604,52.550666226849934,120.78947879820485
94.15610164404923,190.96398439254634,28.718460841622665,3.078734954687879,17.190277332082378,68.06357062815071,30.22059757176378,79.31715513999616,105.1649094122454
109.13016089144637,150.6295115099048,51.49537154609835,3.847927981556429,63.632831304072276,71.66103600524237,11.55507397359187,24.367584801879406,104.60307631118197
12.881829201412343,130.41473526844217,26.01489697286221,4.083630119708858,13.69749602016109,6.871692302287572,26.465759952320678,43.4695335054807,51.9907314942151
145.7873793026792,95.2837465323114,98.82846075968146,3.618803073509823,16.891852380089,70.91025151291274,18.628981871310344,24.6911576425847,104.79183002489314
126.54196971205904,187.89112700372237,94.68563727022826,4.78206611017918,109.7081198678852,36.96888631881493,19.203297985664236,88.27401934353493,128.56860613247736
39.72747549495866,175.8915001100735,8.74554708000806,0.189339655114172,25.316990822935466,41.81373414233011,20.588755103570698,77.18817350902857,73.07887084238376
35.45549540899408,28.139360619114093,72.0296413889904,1.059312129849376,68.56627505027387,50.8742158652704,28.638773471488303,79.67831948721793,36.858307163857496
35.67663137948074,24.74605540950536,92.89859015448825,0.1370580873928964,55.22051628607772,74.25784332494676,20.021498970063078,85.6575662003726,37.59530425803685
52.59391401433528,87.76340603804893,22.154657787096685,3.272626099357555,48.20776588847269,3.4910553655215946,31.98097151770841,25.957244028384974,55.43962035791573
83.4659004285133,165.89959954072992,58.9547969024998,4.500349689854936,108.98166802559997,39.193790528789734,22.13582156721609,46.99183147593334,100.96084234144871
70.4723026098962,197.70970327669,91.97138827086397,1.2930632532238666,12.400573645303846,55.64231930958373,12.050596009298758,24.972442233080148,101.3941787550201
50.772079627725866,47.075040398635075,8.22486796565089,4.642469269501903,83.0168654793148,58.37114270046182,33.512795274523214,34.755517108502005,46.965700445736694
95.65940526113313,126.94352876338432,71.25492538844979,0.39531021241884823,115.97338776349055,56.01752965989442,18.57274973778118,36.055604392637065,92.46716935590163
29.529140491285858,88.56035419358388,33.248155700392324,4.67873653134702,71.61850018080261,12.485940093833506,22.98300638797788,52.83750477333051,50.588536569707564
50.90025079493054,194.58459160662858,92.81763856077039,1.822951167474209,113.0504708236401,25.352855892991137,30.563316496657045,38.79935172175498,96.76035915934361
61.29065806111684,171.58140616442756,97.25053329070994,0.596962059401161,15.748366721462615,29.97981098252705,19.97368471446136,27.068467477243274,88.59910934744664
73.84979779038503,170.89916684800482,94.70531646577622,2.480771620012996,56.067265098157755,64.7461021990014,11.697569684401468,31.72437623658754,98.80164080200404
119.9246345950219,104.36476876309465,50.05035058245906,1.358205181830489,38.617357005825625,23.743270048335134,21.217631410384406,30.309289448646364,88.76055605972158
37.95432950217037,94.66751042077973,86.89405184398477,1.495877219613422,90.39030614788028,18.434987181641848,38.333457480829104,88.11537585386088,59.20853199759008
81.99282137790563,69.21327294752712,85.23219286083169,1.6057208281388045,117.94267995469713,76.6809454849715,29.252031918956746,73.15047548429315,73.4212318216258
92.93803964068594,30.147589397166882,35.31454495810928,4.034826899380051,38.21830686886726,2.691336238850574,30.14437446001621,87.74330256886934,55.83125622600131
16.50305778079968,175.65002772590958,83.74697004431435,2.7418902557087472,81.95920616214819,79.8300267431943,28.968464609129196,50.7818340555536,78.50228033550006
95.05627926620137,166.32218164341396,8.515725297971798,1.6254077258644182,31.790739603571414,54.79206131087686,15.969764168783104,39.48579371638596,94.72528650088874
33.87337731622081,199.9491811915035,61.64563845579504,3.0906355382235002,72.18632800287709,66.62060535703114,22.550015923068404,75.88052380464308,89.72965133573778
19.107223017939134,199.39463067330297,26.85083954233179,3.6091383036936486,61.032573535716985,24.98031291500307,32.52819395089955,42.837774262880274,78.05614498962937
142.84397521546666,119.97770700847295,16.453854148841486,1.4358576035943156,116.92058625946908,3.1165916580306785,13.041186926594774,40.956836159374376,102.214004103082
145.18848463043832,158.41773473249188,12.31055415477487,2.1263905974742228,76.93799999661132,59.55382244779934,18.335583282691367,36.275419454548185,115.78275140709515
123.17562873630456,190.05783137883705,71.14743370842328,0.697241857351043,48.445700929550064,67.06327856605272,18.289573253975608,29.077528475696475,119.87503511114646
52.645927684271896,172.93653032193407,37.288121557966285,0.9876318127199336,22.55053633767267,59.75713829237449,22.960567827835177,37.952414271173616,81.77115787030792
23.67409596089374,64.52265831377558,73.85284329523233,3.437477484428416,26.6371511608428,13.142322409465411,39.41106222826555,44.87238239317214,41.638171370957224
105.79262371170196,101.09794435581684,11.208852375899525,0.9890479037085721,34.78486229463586,60.76737793604359,12.025076400514658,67.17959457020113,79.53397794425834
71.62134912354418,43.2486947272691,34.95258209390798,2.673300579968595,37.60633274743278,61.97597700439599,25.56102983141785,24.37953895536161,52.77082234454924
27.085352878269035,191.72918490657003,56.251672775657035,3.5743266824399207,103.56776636252516,53.366160222264284,15.380940460366315,34.73548577657401,85.39908691252371
79.32476741557782,129.1114342011584,80.11870065970153,0.6236969231642449,71.73450671107774,61.757042758055725,39.12029636229232,76.63165482041734,85.77348168916973
14.814392956130575,61.15570499062329,35.28148777854664,2.8798298761816277,67.5730002511803,67.98187229486311,13.399105141823926,30.284534650863954,37.45819096097768
137.3048562910295,140.9061231930542,64.45968076151587,1.3571576401366827,22.624575905613924,49.861120910521755,22.10803007084774,43.985160256576506,108.62119003142311
46.229197424002365,131.26308328242123,89.16788608243778,4.818341688664141,104.61536626843784,8.911167689634967,32.136549545038186,80.52612453006981,77.28206094913885
102.75311980955748,84.46928924591128,63.50700287731893,2.4693736689276315,89.50957335293322,40.03496915404245,31.13663284082336,30.844771780040986,81.73933577960469
53.639550652517535,40.44036659593323,27.131150101595207,4.049363493898275,17.443519809000172,8.056648104385195,22.681859106817967,25.791578493273292,41.62541713951405
82.80952296489352,140.88317520670392,7.318074247871111,2.796110056565683,87.86186069527456,33.78835642052961,20.395725038581546,53.91765965560076,84.99919008511156
86.53943910805916,113.65538616268279,87.65939302058834,0.31272141098861395,69.78920390769107,33.75430615179896,21.92837135658612,41.16936578949755,82.96822770805046
35.87962377357378,159.01731051241507,7.0205940307867785,3.20244174041071,18.989788032145608,7.1487678429388435,17.92828789475918,59.43858551386979,67.26847160039765
145.7418478870382,113.62943020015881,88.09665890499895,4.761876376812619,60.41307056815221,29.208001649619387,16.159988161203994,76.26634233384326,110.43816409306403
118.51859527055603,173.39267005733723,55.24902773258514,3.047897918717023,63.316591584305165,10.657851705722557,24.4911909267667,29.60039417069202,111.69676198190052
141.5298518189865,119.3432309794074,94.21143135872514,4.114025411191272,28.23519941796033,65.04234638071932,18.056012682028218,60.64893591879995,110.61395585841458
135.27582905987083,120.96883487636953,80.88440739849821,4.432611670407198,114.02679617003105,75.91966602522872,18.623849946917503,55.38561322729048,112.41935760687919
93.70599703355192,177.7976484785021,99.80374050066706,1.2175908825497692,103.49729086287282,7.640685070119211,29.702681904236712,30.08551502092397,107.57655708623747
139.06239290323634,92.62691591823146,38.317622467912464,1.1390197155503108,83.59245710620192,76.49898616875271,39.05611995099677,63.67989398702877,96.38838606285326
22.388950287268727,44.12274112111533,77.88288744845705,3.0938068453698597,60.85251171006679,42.76097474826612,28.109116016781254,39.15482925025401,38.255172364374296
37.43760073868033,25.180881736401016,43.183436792878005,2.1140395020528535,55.294209574295934,25.366122880402163,12.309384011948989,54.148402298080875,32.994704620468
16.33182044747533,155.9247060212514,50.58818392887134,4.2153203840469295,81.60708138660496,7.995241871540754,12.267508415622009,25.75906269939433,67.0643949252069
55.54624630685701,131.65571924362365,64.61301900574516,4.510113304650255,69.99750563475959,41.04869290949259,38.54269662536698,52.170884004953614,78.2389394282673
64.41482055652747,146.73435825786024,87.99932584770218,1.831764758583319,16.850041647007416,63.9722124702784,18.91872370922001,41.45244276299742,84.45904574918687
47.988864448345424,58.33354907160393,98.48792957393303,1.2606657389749623,66.37529136473648,57.15274522680246,12.762009582474263,77.5666847829748,53.98147102676457
126.0232512812701,44.54686560561856,77.98597431712923,3.9245750246949234,98.70439789561235,5.917628894189954,27.971337614511448,23.988510889815778,80.72763399009156
59.9454657371025,22.618039820218748,44.68784430589671,1.4465495741858672,60.51638653566538,7.686343158696474,28.709463348707985,49.3025092442831,40.08906873040026
49.330831356233304,83.10576058518745,45.028915216321664,4.130810160717024,15.715223530969524,33.4241160453457,29.455144603560644,52.09019968920066,55.75472937921451
85.97745164215479,126.18518363383396,75.07031865094469,2.176317442878938,96.49060193224364,25.032658535739575,18.02206083572624,70.7504253409383,88.00604807838467
29.72939149646677,90.60392811795182,27.68382884798872,3.3709945065282056,32.15001603495718,20.125977198371732,10.45332052643425,60.20013025631477,47.826112086965786
122.30757730556556,98.74548596427123,15.495040747482493,0.5681230377898742,38.448291837684266,23.91835091487966,38.95046108363415,66.70486360359267,83.78263596167392
20.437090115167916,182.74856500887472,38.68910497587377,3.156910690915208,28.11769887755255,64.671653977157,17.526791370733076,74.39344999562293,74.66469437996764
148.16417112407242,82.68598406419406,32.287704207137764,2.313661625812423,46.32365713586473,74.4797881832846,30.280788641576425,80.35420815607321,95.65406798137086
118.11426770153204,112.51810804876594,33.14927144331906,2.974381469559823,93.24266562574985,33.59801017315018,31.19889609636129,41.971284770572936,93.63248189907934
37.82019541478414,161.05754229340576,27.192736349741445,0.9232696179498308,67.13244454543312,72.67665816633478,28.300222512384572,57.661589375473206,74.07833924244775
10.773096397304336,91.37770081782863,8.99885301545438,3.710681350226493,32.53694015657838,27.07666469733479,19.387221826409444,78.807565490744,39.31379569873791
124.16459998367678,131.97560604101722,6.698023799674312,4.32770567996182,106.56130859672449,39.162084934815745,18.132887612921973,89.26157916755395,101.54219954228215
108.9600281386664,175.22546757441413,98.833627024923,1.1620250204448008,106.7540040446682,19.630261829647978,27.930048481081094,82.26635177306342,113.5162525444437
112.06100352573823,190.91371225837557,45.63844770490692,0.5690013220487925,105.76362675506076,51.95713128971583,35.98286900835075,46.00270838370638,115.11739908258627
117.9778485360324,46.47322656722683,41.51103148016976,0.21582907162704834,36.26758325196932,78.3605269836351,38.402011867701866,33.66165620530553,71.23144511600525
20.36625124277265,186.785772529069,69.56649185584163,3.2456603521720035,59.63632785990869,49.072461491383535,13.177174132112729,54.25747761846121,79.81998126115055
60.18520199619817,108.58093275431688,25.734119347181096,3.074760776835026,118.34886217549627,29.90949856085681,14.644858377931595,71.91490162852295,69.70945137314511
26.22166833351816,66.4839898938125,95.24631247527141,2.778817322298943,94.92137239409894,52.52976078726121,38.34208776349239,54.47983495273083,50.10986953044511
130.8344796225831,102.64443612288703,79.70277636947745,1.2365407709682796,12.98841633481158,11.58781292030023,32.09605685004378,53.82266043195679,93.56275255657096
97.2617377558581,196.40586355138586,13.494045219664654,2.015439379937022,17.172505038654126,71.31540826070109,36.489814744893195,78.67612947572604,105.61569373463026
56.325723479370886,108.67125691871652,44.670173699568196,3.0129340424122484,61.03245144935661,41.24054816082724,16.078979024060295,45.298264534703044,67.72526786024157
18.898169040043307,79.17528985175147,88.51623921840564,2.5341576084099304,110.01422264477162,37.04927987909208,27.627576133282055,80.1856272368152,50.05081122798644
53.537525040192705,134.01215377701064,94.74954211768397,4.940149049052947,69.25719777479856,47.6974534993745,31.03418783252421,48.47633606662065,81.88149197371027
55.525665083744585,63.22621138007475,49.403143568737626,0.7685547875279923,64.75937588377192,50.73314129757339,30.40335656340918,42.976317397483754,52.66162445098928
112.14486496732897,33.65539905955951,63.27408197501723,3.5062083148332097,21.602106995229363,7.598512885668017,22.244550726000945,51.77929378397893,66.24821321117925
99.25804598972984,43.19834994391686,20.868224878747146,2.0811619637110317,82.24581151967234,55.244143255425385,10.461846750739255,73.37128710724079,63.705205569407624
134.2097839606857,43.048251012399035,99.16101948301277,2.1981781131355125,100.4313476660248,20.870671064611308,27.487781704127894,28.820141950479602,84.77776988596258
76.11008952267291,47.34248483221298,27.008811631427122,3.616229051725064,51.84620082583186,57.688305335514,17.593046175388263,33.749345111041215,56.44061678166812
26.743194431362237,44.98889107689382,94.55951854283694,3.4929371414894117,95.31730360178602,66.15771396196735,23.50762738428671,86.60113779641644,45.216584969573816
109.8542702112193,135.35745406457863,66.716431654275,4.9571543691407225,116.09243192908927,64.70876358909658,38.72743045251452,32.284413916695016,105.21780161433882
116.50990680636565,52.738415191846066,62.73499551349162,0.7291320183252137,32.4143105040458,45.095075457815355,21.97105952927304,59.74091225517382,73.30358814786752
88.57880765972948,82.22011099829538,53.705408546568314,0.610137281982415,67.56625943142154,42.57325160023859,35.1940481999328,60.55201266633565,71.58521005160267
117.93540519363854,181.42191378308212,26.913632113187074,3.649260203930832,41.58517538930331,13.144324984474114,15.656218172477534,54.27371234351713,110.67783464631847
79.1313834910147,105.31309524731702,21.770163040523286,2.934095893331405,97.21398609372233,62.47699973144458,30.173814940750866,65.1321674003773,76.34214345924306
83.18259611347916,140.1603929337849,25.94618986166666,1.443387266143049,73.53527024692733,23.16993167484372,39.3102086331683,36.08787080583329,84.19442267392542
69.85574257019695,51.01757681629337,22.71163490370418,0.48915490804603445,79.80406593053341,40.74224297979983,13.056793026188103,58.68635874437238,52.03520391689991
13.558677744173327,54.61202338556074,79.06052498884156,0.5197254230225097,97.77055755774835,24.173379248346304,10.24959826681576,46.0521278672828,36.33005287554895
25.104799779062624,27.356350927966197,38.26189962083936,4.4815352858541795,53.55675199287004,12.438612313976066,23.007483778978433,66.31670817404324,29.856318653295336
14.400085996142796,50.408311352989614,10.495054273522655,1.0401498911218403,110.65990752477475,51.10550035755545,12.778764491541015,29.885648036120465,31.060453516944616
99.09745757692926,70.14626102575255,97.06474986337707,1.684520654366052,68.6331753970754,6.237898716186499,32.45153049028694,59.961419178763336,75.81741068486433
54.009837350685736,51.86188716981442,88.95965907152544,1.2106163709122415,27.37503051188828,60.3943282618436,37.436459915456766,32.96892487683266,51.657551307969996
81.19989676305839,35.966456076270006,93.13646690354523,1.8394818985764931,86.54890299856827,26.7717700303671,23.020629181262763,39.505014418052546,60.08905776848215
137.059306349653,41.714456798108145,99.51624315141136,0.44017682945585757,97.25874854820799,2.0105060543498547,17.76134926466323,35.30968602265082,82.69332345401853
44.900912080842495,102.94017824589064,21.520048675851292,2.643392975450525,44.84378447742793,41.86807286050392,23.03209957019829,32.7986445908172,57.97340901603644
67.45360922498816,57.14006931304265,42.64299179575258,0.43130156160185307,104.28971826986283,5.654448865153044,31.70343453550003,77.79976660924669,54.31627358183597
115.77715939602682,85.56857498865358,77.03265519188868,4.021746888329572,109.6757580242343,23.54122551003016,10.271624847411129,39.999529736262325,90.36729783923846
42.03174316882715,110.61510875387424,71.12195871511027,1.2451892013611219,40.45949361155898,57.144166021545864,27.683619684540915,84.89866473051146,63.23479794822052
20.77718737603102,144.27106915328574,19.62011110228623,2.746058381562102,118.18736199867443,6.889790486505538,28.398750546621372,87.89485677416336,62.554122812447844
50.56520340792753,27.07618517139781,82.50414687410868,4.412387529051145,25.478268085363425,67.46840240376818,29.130647406878065,59.988232895596816,45.65907265550894
32.57098021556062,163.8938718036277,26.321854324482764,3.2892991083312517,32.2217235242739,2.2979539673694824,17.260662399426316,30.010078586600848,69.84402204267425
140.15767132796023,133.02207010836338,26.262673408149194,2.7114931541015435,30.264732316182872,21.252261797748375,31.421581701343804,46.218377036570686,103.88329976430614
123.13685313901837,34.71662575079694,56.01257017487429,1.6892353902653408,108.33886810086575,59.79051637986157,12.741744589953292,75.84125843437498,75.36669061263555
98.67652591145928,177.2441523392199,61.3292938099618,1.73170937398517,81.97218075574581,26.669071678885928,15.978110094004023,45.717351008794935,105.9405574430626
132.0044826262805,185.75703209572637,60.10818974459206,3.380486080471132,26.731471154450016,9.947606269149055,36.32410139963446,26.09120528119521,119.75416160534041
122.51409076587602,30.994032773875475,13.691249552786713,4.971282869983721,58.43557602051839,30.098245666433375,32.16169452179699,58.974943764973155,69.07094504812304
36.11980824404502,69.83797666649667,88.35878194988614,3.3430120302619555,77.68278275767823,23.090676337992992,10.412366620340357,79.15845960472242,52.616879477601145
134.95825978859688,165.11623036275103,30.232004045927077,2.8331387451131222,19.18104934883216,67.73152836852329,17.451287811094005,75.71484710004518,113.72014105983766
85.5079138681911,154.6867442690585,17.303917521866396,3.6801875001723063,107.06580052480726,26.441137571641164,16.432194489794938,32.258619809124724,92.69511498517535
123.04162172296876,53.21378348414792,89.43106758755283,2.3795075001902193,98.39638889856887,63.53673279852856,18.124189841109178,67.09352300887267,84.60005407823226
135.45278198928906,57.68287820060785,95.78689233182656,0.39469747874384753,65.5727450934302,71.5660272952373,17.42679310839659,35.4352984404953,88.31630158725787
54.52048649606094,86.68497850244876,86.90212364021781,2.855254397801758,116.38392767850874,35.837758726969305,11.875788872285373,35.274527418652056,66.97023923125644
25.407269433874745,107.21413733438384,81.90402709886342,4.792363894076363,55.953707720260965,72.97556522064258,23.76821549790461,81.18502413136295,61.75637922487293
41.91092275587184,131.28585887545327,67.24798816070707,0.9589844175525323,118.25213509401476,31.43080820912904,31.982004243584953,37.476826691816115,71.31805716376515
69.79509040767589,86.40445512255903,57.33145020786824,3.4810239650212624,83.47119986839898,77.19811648622844,28.201951741523093,38.427314256260786,71.08700750337752
124.52206722914903,103.25624890396662,13.263742191583964,1.0845750744293767,79.81384005793356,8.964582912994688,30.186150057942392,20.045737353290967,87.63557200498379
130.50228165588808,154.5447688640762,43.80305524171638,2.7255556539180983,28.25503848253635,55.58750278725294,12.434475356087175,80.94683238878623,109.86233156315728
10.973298274366698,26.60297652030762,40.40540911616983,0.5737146032689262,107.01205341351084,40.51749515564044,38.54472130530362,75.48163692463943,24.36094520918244
81.5046223608592,65.43864998192373,29.676609457230988,2.3068175876651074,57.023865671267664,32.23660682554047,35.154755015290746,63.91302545634746,61.97094609714941
68.43754044082905,148.40292545921943,73.72491080041557,3.805200311586706,27.84567463607273,51.35152654239087,34.15270955486988,72.51860347571895,87.03344526464888
41.09509346590224,181.13723078369588,52.10819483248323,1.8031004687710124,11.386827197333494,56.90085314747783,34.68951415125302,30.643399719714424,81.20751059072956
26.781151426715592,112.1019395808199,12.699390511226554,3.358067449987369,71.57312520022208,2.340335032724109,37.98131524398284,52.08265162113028,52.66672195768954
57.266123996507915,115.78042734775681,25.917404185232076,3.9977048078696735,68.0139584334944,15.0223409222815,26.327618983410932,44.58535711441466,68.38183799711189
142.0073585477527,39.29096204115969,69.90958254766161,4.643171315449318,89.12889846060745,57.61759194947686,16.008460536028778,26.564356837991156,87.56168612216868
55.24841048290573,100.53422602822184,12.232431651578517,1.2497462010917226,107.92838583195824,53.978062259100106,28.503508235576234,54.029133965044686,62.82794377243134
82.63068704407125,115.87110796190417,85.86465683463302,2.05664798746561,18.73472431073325,77.35170540003682,32.28644481003817,84.45177552398448,83.26104236266717
108.42265424532489,63.64469065425134,52.03892006632756,0.8468384653190455,90.46461393743986,61.360947639561076,32.13752180062076,22.804138333548615,76.1044774452072
60.908144333101156,68.46378157088857,50.65572484603156,4.963169160576038,30.615313850734044,76.16027120304437,25.643470725006402,40.402263944565576,60.269913102375156
146.0494915809345,87.91114935883208,61.27873954265417,4.642304742829047,104.39947584728803,56.798159119714946,12.053761580007341,34.52786553439924,103.62320188546805
144.74262129189557,23.612815599990746,83.34469176288917,2.745789938374742,100.09698652478217,25.248072273876566,21.133388152903834,36.67026575659874,82.32840525135207
45.24952141555098,77.97424980497209,38.04187475070834,4.225963142444464,69.48731304840987,10.218463935566804,37.62299825390072,83.59041863155628,53.50752297442615
79.61479082493396,58.06064125937804,69.41153449311103,2.652694088633007,88.12670784856427,62.98226134090498,27.53346729272278,52.76483379640031,66.41340470520457
52.122963374347755,78.94952339202464,58.74453657960015,3.155569871213523,44.57851245021232,52.24363927512144,26.149958297671404,52.640958905787315,58.40517348278672
49.87766921284547,41.557183727465215,30.367685666095024,0.5367097173684815,61.82846888260961,5.758508966677105,18.065605431465805,73.24029497186976,39.37104997982008
15.164172629634592,180.29491053318108,88.46984870374001,3.8008250604343594,100.38005874815188,30.08393634027631,21.053467597497367,30.814454280344805,79.32515189703794
95.33900675718556,126.84664163972876,80.75547205265816,0.7257960698126507,60.51917168905353,76.63038560777431,36.86038267459508,54.108574787003555,91.84841633471271
80.3750632520406,142.23841744600813,67.55292429255041,4.147731388237389,49.357809185798594,41.03128936539569,29.99389142580507,50.09896498847418,90.24402927967083
17.20702517499851,162.0508229493209,85.80526426395298,3.9319376295848913,64.36336919753299,35.752872609536965,33.62161080256999,61.78374833826593,73.01633310112936
49.0105049931256,109.7195958072303,87.39294909118122,3.572849018940585,101.10741776809402,37.70056920242493,23.630362692029653,89.9690392275307,71.77262401600399
137.15722403533152,35.64565185573626,72.2944827879283,0.2771858645713344,46.872885210796,18.29285247240277,28.907416583684736,73.8614225857433,76.3215061983776
43.53866469337614,116.6791775273386,84.51626619454885,1.5853289441321103,29.11377524493182,30.759159327454025,17.451508262296226,47.8505992112199,65.44982142775831
30.285282092771233,125.63140124375825,71.25978885858194,1.3892515925631301,88.32154223638588,30.845433966999778,31.163824908504587,77.92871365918329,64.27711249882657
78.52338643885882,154.1791053531794,69.61337331722854,1.8646683966104438,100.857603397889,6.083691574622847,22.82804001110012,31.949585431873615,91.83615665845625
147.9910635754841,97.69871832134228,63.76808093044251,0.5294494591428089,21.070122637588668,61.87027502439763,23.27636544444237,22.13245804162721,99.5593183618827
43.88773801161006,42.96445450320148,76.50808075797592,4.6910933328522075,36.386152403153915,34.48734568850256,29.47966973730645,34.31138607249911,46.330007868837086
104.098976636823,71.07966304377041,20.067485002842,2.813630979490644,25.61691887370933,66.13003117168101,38.0884186440678,43.828808927998175,72.37121654990467
116.62674614602047,85.35481335175432,88.6827221238982,1.5970691222243156,48.27355527403833,68.32714408735184,11.920190398258628,55.74065302216919,88.55251876661812
43.26925615893595,136.26510343968823,87.82513513579704,2.045209433663989,59.538607679595394,18.535536266495328,34.74229712041023,63.05903983788399,72.91866364002907
111.95028880566034,122.74009484040414,7.778491888283119,2.291292448473695,92.37089706596372,53.27357160927003,18.77149331236579,83.74240020500952,91.95350904544907
61.48963858069545,84.09741066161233,83.45259130365245,3.042912233467025,81.62623433698415,38.83798072471257,23.317583635191333,55.68978066853204,67.23646074767899
98.52281628310112,197.57274478273635,17.24263740997729,2.6268291957128396,78.30214242262743,70.65222555787584,10.65739986325027,55.08929512380106,110.47976128379709
98.69415950652525,129.0394674842397,36.83629115461848,4.605020668750645,48.761244127061985,18.82777297576342,19.03138233502939,23.51701068760875,89.85760468723576
85.00845577046618,62.70082251247901,75.63328434770274,2.5351210662385686,102.55923083932359,54.86942962418345,25.078937278903915,22.443808685935668,70.78351158611436
22.640567807617163,38.32084507167267,20.27219012458928,4.961574272634232,61.8415884137981,49.40466553571236,11.68528232042317,58.58119733414605,33.10358662711735
126.94234938249332,47.51464505317976,82.70686729131091,4.271982292950969,117.70154318166699,25.033515250602957,24.732871881494955,50.672502927384116,84.7107552126468
54.909209096043014,64.27239110921147,84.05274690598549,1.1217015203509457,79.75563521253105,12.654870484791463,37.81331886575282,78.7426276486209,55.39290246699626
36.1125914559796,48.92264718672002,53.20943470727944,4.65991655175519,23.8891215720953,52.82790131722757,13.161796543234157,31.247570929829163,42.93854190535713
15.708519817666948,53.58206432923504,5.60665781309919,0.6701953496388329,84.37953182829774,59.61060173432179,32.93322184226513,21.74801634819347,30.788395034917016
92.72501204635385,71.31713036489248,32.26862265161671,4.105503571606839,45.76144169748689,26.6189328135413,22.29013160127978,51.43271375510881,69.43652849032921
104.85901065791954,51.20724715305587,63.60805724569551,1.9650541380352426,85.49599163547072,52.296943113740475,29.65521143573014,36.62349897265803,72.52128500914995
12.322296049899862,181.41777643275654,98.21268691260524,4.402074170180841,17.66052629786463,32.82021079369726,17.807097939556883,23.47300613371862,76.10163106580636
81.69302816189933,34.4420742190956,65.02228506658349,4.353477781526506,29.236958089355532,57.630136896044185,14.78476787624075,70.72188007933403,58.208894567943254
41.70940852771132,114.41205012264584,29.681340201095182,4.049034460576344,104.13109847963649,17.538791441736144,14.813878428136793,27.811509997007324,64.10804142463277
100.32419065732299,93.87142885813907,65.23054179446308,3.971149137904601,34.98975127258664,71.4367702056216,12.11475836929434,62.582365000544016,84.10663431163223
34.41130006069881,196.82815104354916,56.29861107300627,1.5929277815804,102.07452377672341,24.417948524315218,15.56940114703729,39.67348251168224,86.36037784127723
106.73128333434524,40.16700239024942,79.08531253935864,0.4965044869511357,40.72036972998515,30.687307044979924,29.92658154966905,32.14472352485154,66.71803363044818
64.14294848207524,91.6140078282335,15.16316068856105,2.0746028759492914,80.71701010645783,6.531172262267283,36.45071835530524,46.58260660435222,61.0947098045418
141.14219842314284,194.5046779895664,77.29765073769266,0.9502701234338925,86.35656308608141,10.697952561059559,34.423770567734856,76.10120433560675,128.34104374568727
29.252932180439053,175.79128266091644,56.420324974230475,3.505260335622063,66.39202284595582,42.237228411561595,30.55402929623452,47.44655038332009,79.01731306637153
57.749289147036194,167.0729727708704,96.4842403666045,1.7958886600351494,43.58417443664044,22.872228784781775,13.31295590233308,72.5538754447739,87.98874034784232
25.88629297368247,66.42250886808917,37.47785577367518,4.880489984213583,33.390881400820575,67.16745760789117,18.675623388878495,28.784040775940547,43.93746236191642
139.4571065589988,50.759765730211846,65.09907984772508,3.240763178992127,13.650829001866885,3.1460843150863997,19.29420625967407,74.09399937655553,81.60128917227537
132.82750947333733,140.35577958639757,93.54267002345166,4.1301547618083685,43.43410413647962,31.56933579641102,17.498708391928638,36.5853327434654,112.47233142605228
46.11182788012179,187.28767804296544,14.73842415911453,0.7493708964350573,81.84790695844113,28.312952647989228,25.450169791291692,67.4175190922211,82.36229085760635
102.39776644478506,120.21732074250735,94.03670628746286,4.3238709631358505,113.2135300293331,3.507555211572881,26.066614446390176,59.60470883886975,96.58789865459366
124.41110802817022,122.89028410458198,70.34914361857727,4.621510233515632,105.83249304893572,11.700735122039797,20.706579255133306,85.04013020481811,104.16461444656483
87.72811362392473,70.39623685885115,11.44452061499133,2.4866034022127863,94.26712541888328,34.26412864365355,20.61367476209308,47.112576258271986,66.26773467406399
84.1510809698409,158.50872797454863,33.59153885994755,3.0706393949797897,96.72920775786285,40.443437586900835,34.856667937182436,24.631563218410832,94.50147632851368
43.85932072606324,53.66787474035421,72.27634842130175,3.847568024424678,83.14833938235948,33.53460028587979,33.67878544959056,21.340883988587702,50.55344056249838
23.03438749282589,78.26226255276387,11.398307139533312,0.9567092735760215,38.63155433226033,43.41313891614332,19.23387495042237,77.88009926809272,38.89120841290905
135.61020611346575,96.57855895095501,60.30619371674596,2.5625737746708683,109.79145337764129,48.42027064264316,37.41365331619778,56.731494636300255,99.72142947803249
136.05852800286627,111.3698681632019,37.85889041053089,2.053448836084334,83.78055430964174,2.774058047971179,38.584450510075186,74.26708362844644,98.00144014512513
98.6342040182575,63.633751834714445,63.98697418791033,0.8172325615950207,71.6484694078484,38.1994224373733,19.802276260901223,36.40979200080603,71.25213173036447
57.4641707468181,40.670628453056636,9.345493212188721,1.9009186692285043,22.208841613482917,77.15294078923189,20.632748463791646,44.15586218592636,42.99041394522735
58.889340445772525,129.91160763949387,87.79599658447574,0.43404431598891846,59.1761098187068,42.4845178501048,25.169024602658766,22.107271054792324,76.82589382803424
111.63379504183351,71.95349958324604,97.4814520718527,0.22647834405248624,60.63940983221189,54.848296861798346,38.233624376010205,87.30446272018786,81.98857677764549
135.59543639336079,124.62287985607021,97.0433962521407,0.7623148168586316,105.1019970474937,26.32538091751689,36.289582994269345,66.75075346905695,108.6630618544886
134.1920993971164,47.78528874935641,76.21692401557785,4.819264046786952,70.13130422065673,62.37132749591548,13.077038877507693,85.32435614315143,87.07851441782684
119.18257642006733,106.60521833386714,17.35819281241004,2.792694725885583,51.84406038674506,62.28787558633698,21.781922298142486,38.58474852003506,89.88970687396775
99.88443046160029,115.86609785928546,77.03500361325715,4.832528589650778,117.44803613617253,42.661091717022835,26.601135692493155,62.80245278579626,95.255086886062
21.77959509930684,29.328236628036844,7.3357570635861435,2.219239603817647,22.179265265894724,78.12907821577866,25.0939741765462,67.49499778048465,25.478541512393722
32.62801997324593,80.58877007490571,7.101737395254739,1.627899052117772,56.48032711431391,11.792916751486963,15.81589203810678,42.228479018031194,42.97957399670337
135.7975863937911,44.19464184901536,35.74297081920642,2.5800951279171964,14.622714268854581,3.3219178613873175,35.76450313504464,79.3676464510941,74.62905092857099
94.90006835234259,31.407494685098193,51.421103088443246,2.25360727430126,91.38945328436233,62.07234051705348,30.30822348990512,86.30130240301735,62.45108301968287
11.287587226328151,198.19284183019013,78.18870469174036,0.6177569528825452,110.98842074190657,64.95813191446084,35.13725124555411,81.9398582387203,81.20684249446325
24.206016001244492,78.02369209545014,69.913060777618,3.240048941982011,40.804106250553836,11.376163871404946,35.76292838048417,71.73468831575607,45.92988255497459
102.89024767512781,165.7774002538343,47.360757105791095,1.1585870942970382,104.4175844479033,22.715460970771275,32.450675609972194,39.42252758074678,103.1406342220113
10.708621738470615,65.83531785747749,30.99453329675826,3.135980978999365,42.144005350808754,3.3690843425970547,23.17631803749152,39.713122947394226,32.54513284597697
32.51312719844981,142.67049000030727,99.72682751498256,3.2859853527509517,110.18471778083068,24.878071640884045,28.316402650462738,87.43522243122266,75.81820545480704
86.82273051132206,156.84101478014358,45.48722371241743,0.8449217803303758,92.93580939564623,62.30506616565638,14.810962183592295,20.71991471549844,94.93708456820914
106.86532767697706,127.21497330941197,47.88176731131917,0.40061317284227405,98.53974545255825,42.40092116158116,30.20936252424723,70.12349812695011,93.14644629829557
101.27457633036407,104.88371393902851,20.54426301320857,3.9257317717353555,11.980721116049995,29.15145626712647,15.377597672178423,69.43723137886835,80.01171165606921
41.39770332447837,94.13136454650834,80.5069071312433,2.353022076469669,115.90913927814286,30.995665002693762,30.818487715304705,63.58826786648582,62.547443697379684
109.70509098865502,82.79628797773915,70.89981144924143,0.38500259797683145,89.93380912773556,2.105582805806516,16.887944822619062,89.3076192260806,80.79787612836182
43.21487224955201,187.31524596460866,25.973113214932237,4.974844954131859,43.522620492474665,25.3844411500884,13.5265390045066,41.831560503460764,84.49803204695662
55.55595774229748,169.51149340179126,12.826199333505055,0.3831247488821965,101.23341313447317,52.423781847758576,14.958534704288724,43.798030465527376,82.42443554880066
114.50879671652338,193.70484391997226,69.64743369709774,3.505672621406911,40.96733182564229,77.98716661767585,10.059764056572108,25.52575820625889,120.33311277588362
100.94860586661005,42.373500227398054,67.17856535670785,4.920026733790727,106.00292235227407,68.07074450474416,31.56218853560591,50.99586955806162,73.43305902717586
128.8912774691849,151.55614553665598,30.959655064829885,1.2719825106580356,22.38384294531307,3.840407242351272,31.97203147175137,38.27339683643937,102.70251517519499
102.06580492204807,188.90128222778682,95.33203841378898,0.7970219065672612,87.40545752068753,72.08772716463747,25.448000497397786,44.037069152435095,115.8015916193677
89.56320446696603,52.621951909818826,19.35049971918552,0.6947862031699016,69.47683243094014,63.08947623729282,14.84088403166151,78.42002531789393,60.870018968232166
23.114467495932946,31.96932812601995,46.07180609904718,1.5860482230812183,20.61879172149849,62.86933763853647,12.506630125320692,85.4839159469247,29.204220737166846
61.48021242832069,153.40171687221064,94.64351241592189,0.5951244739521688,36.60832110847229,37.72366920227857,10.57386899311861,33.001315040363,84.38867526407336
47.12833147544156,123.40516037238415,44.87409510798162,3.4915905743012465,11.364443990504627,33.044412850451224,14.97244530895662,46.07562520874261,66.07232362903908
44.1585500730717,171.52917981648898,65.65996502808812,0.40522981083730725,61.564476201095644,25.627426848989025,36.72566604949441,85.00413934807759,80.45299544032574
146.22147766534238,45.15902779273211,42.77146780646546,2.59616842793397,43.13917868360004,7.12419899844053,17.24610525105045,24.326592248245582,81.42278349663914
65.03368145334646,163.14811613478022,31.05044422312365,4.983814583879586,75.81932327275346,19.80235835250853,20.62813981651647,26.465236967796496,87.8278505092277
134.88651772479585,56.29291760859402,98.47787655618369,4.088454320579492,42.69615884794789,21.23508352828592,13.160364534439996,31.395369244436054,87.97528646750611
98.3594076396168,49.45806971582681,43.88673059992909,3.1145752473319535,42.99110226576832,39.75801143739572,16.67083914244511,61.664898388881234,65.82188796307783
121.27358249583078,49.567843627578725,89.93942434951776,1.6006427418543974,91.75125186047637,60.30066371454213,25.576737123406154,30.533058970419823,81.57696704216303
80.36919303472689,166.6234496416488,26.845687559653186,3.157089597829029,15.29571195761888,38.95716661503984,28.232580492869577,87.76534670155135,90.68901438881268
90.76654384769027,139.735499725316,25.244946882382912,2.682503173167093,109.3184494711186,6.511867056878527,17.36056942498633,51.27001690809642,89.22578114447616
78.95247713464094,114.15177645844147,7.957737874028579,2.1878085810628205,103.74902618302995,76.7076044770799,11.731964776753516,55.106257224511644,77.83293769285997
37.33401829172623,84.58948714223045,66.90834841070908,0.7404808460269775,83.45851515490472,75.53249688934075,21.73098607382196,37.26610310637845,55.691319748669784
111.14329613661074,177.89609734635948,40.01000265375731,4.444360654678287,75.25437271181227,63.24478436557585,17.026101127790024,52.967217670431346,113.19646643247559
49.30813074171981,90.64011933607436,87.11403373476551,2.3039447792244805,108.15327479536174,79.3235763220092,16.58661769689406,66.33395428459082,67.30447880607981
13.404235300403538,166.98789910488387,49.95494113569793,1.053650307921749,30.386319748158588,44.46962195842051,38.795884081403656,72.582399586783,65.25000535844707
100.36612142700349,99.04428354263932,96.97837565189856,1.9020208192987194,18.686607840991147,77.09593131975008,28.489014577771723,72.77076578969391,86.24871897611882
34.79549511698686,87.84999729648337,22.62492399179651,2.129235787391743,36.346118690049195,7.89719316810656,26.706353295162877,60.452377888586184,46.87709101521893
141.664201809408,103.28236142052916,87.51920095578302,4.154935688277684,97.40361065702093,30.52309836438696,22.47325310569966,83.30518424957,106.95358038484834
143.55000078036224,74.24801734954558,78.77670101521547,3.6947104647508704,13.813729339913166,19.579738904527733,22.86833000290433,77.21854931142767,92.93645949550303
138.0810146308628,154.5696884317252,78.23757524118494,3.8695939788425653,74.10875185918385,17.27498056247306,26.227150115142425,72.99336802890377,117.86585050590658
61.82221803576221,110.48967021664625,85.25440667110433,0.15405319570037135,119.49812678104409,12.982630013628734,30.892894211083217,23.892386517632243,73.17931998184321
12.16392631404144,61.79828512642712,77.29727913958489,2.139154591080832,104.12657032212934,50.548264042147736,31.064382885454883,20.48145735537545,41.007680286797886
139.96459876228155,181.92342318942232,64.49093055498446,2.458586343013086,67.35902579479483,62.9431047482898,15.150817231163487,34.87130940368311,125.98565238740508
69.945780764424,89.10041984717806,17.46826337982682,0.19404215643297779,17.00050002153066,47.107275154788134,25.00338256229881,66.44665157394166,59.85469551315462
145.33167466611374,117.83951500051795,8.089987051668931,1.373084722850668,101.45108658242808,13.463091347880354,22.35874285102306,48.783824221778204,101.41231669113387
144.90679679249538,183.16497997361844,92.48054554249025,3.825420133298462,75.88763589949316,65.26765405481073,36.115808988081525,48.16843815095182,133.04345189434636
129.42132376543043,132.36283926451858,63.58177987947011,0.7718375580720954,22.642629676552353,51.604467158770824,28.942567636551292,81.92108217607296,102.31975167331301
51.222844889742,41.04164732750553,80.67104264273675,2.7230196441176995,20.324301330569185,32.27692507790565,25.975121992479455,82.68939936922871,46.22181738296357
63.91368200426954,189.16978225042553,50.74462339369226,1.154489172884464,110.05895013802517,54.58216305181291,13.461839265367521,83.642268483751,96.77741464858109
129.15913401235997,132.9874495528552,16.144277951427476,0.15939179575507706,83.61202892318863,22.272588380940963,28.169136679702344,41.97146535605191,98.62793892690483
54.36908072187887,80.2830106382755,16.89265025924229,1.2818871422377534,101.22154792484311,28.924992262548418,13.516117170407004,68.37390689174832,55.31101465776575
33.72898453605295,45.0689730794097,70.12870228675229,4.881781399059264,106.68767903104941,73.56389576429524,20.116197266972563,39.014322689205876,47.91951610574581
87.95217674416902,162.9245340686533,45.87906001544896,4.02753184822665,72.89495872531545,24.65935144237079,14.285258944429955,33.34268831521148,97.55138427641944
141.06166838250934,131.61309606713243,24.049849036531988,4.801925557173064,66.91909869305454,38.65908491631905,30.762209410731067,32.92427201431585,108.39441581443842
107.44417153449622,116.02299655573788,51.7014819404365,2.490484815239176,57.34701513530892,71.43100871688914,16.18756341508458,43.94753346045158,91.88410178241257
89.8085638125111,180.90066494917238,11.09984902213774,0.6377073735197671,44.86412465702312,57.20226532086714,21.75578119564078,50.09703338458752,97.0446367843842
23.604709127907597,161.94749802041554,60.287283181867885,2.7850014959710956,57.80555569445829,6.851851640846815,36.87024332856336,78.16644197385479,70.07273323821084
96.10101173788377,47.30147835189521,30.55437342133428,2.3264489393438086,95.1267621303172,13.489637453759686,16.12949150196911,28.392376543089846,63.44355446140315
148.60753901459685,76.10997220319868,80.76811456053288,4.237349705424118,76.21157741166448,2.611644080209512,25.234151918763374,71.4448093176426,98.53132950286947
29.611762133113363,64.72804516660383,34.48438609773951,0.5806046458427985,108.17756189503307,51.211899637874744,22.57814983498066,57.20184399325137,43.261634735488634
82.56615133092315,153.91033266308185,48.245914162771115,2.4923815714067135,58.77180158171065,36.91852718201263,10.543721231371892,40.15617398731948,91.3010497571638
132.83223006991375,26.03583825244029,6.10395129126956,0.8352384570005229,76.77985365906294,12.473438370377492,33.782743407184384,54.49737091729772,66.85194169129709
113.70760648558863,122.58014327683698,11.882454340483093,1.6909120417612942,79.44383084011876,76.71886144242809,12.071377189437992,40.995944884391584,92.9443776672235
107.58220373933752,157.2425634333243,42.286887858635055,3.7130496792002186,75.0866878536958,43.31345846775835,24.227650629308606,61.725736866681416,104.06739630686874
108.3477717581953,177.8178146171149,50.594189298126736,2.432488833906956,87.2897150394068,20.867676940805357,26.8203488481685,50.36907459986709,109.58423045114284
60.32876117076572,81.57471476886334,62.001952071333854,1.94185259721427,36.11768152122869,41.04707855006719,28.852793698437612,31.508387035521512,60.60420470687774
51.10285819702907,167.8263148409623,32.707944977383804,2.032933764993173,66.36001553003697,55.01038595333841,30.658948879236267,28.16081521889877,82.16128606800065
123.31056176699191,39.9137126519373,71.02327918202154,2.3512891651893346,21.464728308918243,7.946659001938029,17.598171505681453,58.26869774504911,72.22252495131225
123.41587525508531,172.36141251221326,86.71162773297443,3.946581064801579,52.29624604092938,23.426897573735573,10.29936329975348,83.16891233002724,117.47867487453038
131.39012460121452,42.94795921975684,79.08584394486823,4.471214975807149,63.64337754833908,64.9433082889515,31.70330987064736,44.07703805903799,84.24957126857137
137.85367735790598,91.51171230086611,8.763788408093928,4.781139963869249,81.74466855000198,37.85385989140757,26.069697980427357,71.31000750558363,94.23242986017135
81.58793584053129,163.51316584031966,50.64815998949375,3.955826592650946,114.55841578448239,44.633017078519,35.08353109621746,66.10629484578368,98.6693383230588
80.21228125620794,46.985136922779276,14.968366949726612,1.6454937891652626,76.07161732031915,35.7596481723386,34.64165088702083,85.20884400166366,54.91434733808778
121.76132505534852,61.26525114187547,27.99427650694011,3.4718600598240568,91.79533077942158,5.424195526154399,35.299785033636496,77.46867121093986,78.21636939049891
100.99495030888713,150.00546231075194,98.73294636037892,2.2442553078714207,65.6892665444723,14.928482825972162,24.552839799386206,59.66236812338241,101.54805622921198
108.27536281607847,149.60657657829339,18.53707657564376,1.347886048025651,79.75144345139644,36.75224782186749,20.008851875105968,65.99213487638751,97.21889636917264
121.41097372105415,135.40657391935352,52.39437457787883,4.220270739187021,17.802543774715076,18.31646630181837,33.7467460777411,82.88705266088243,100.4520203650293
134.60074785445929,144.910720004078,63.724794760221315,0.28828910991539247,37.98307389260317,5.898364235454942,23.538823390877646,47.966314921085434,106.16835563534757
57.31932195921501,117.69039980256731,71.73417220168987,4.518633761463575,49.80384025256526,67.80467379604225,15.503265892103036,42.87562941004441,75.80732540851913
62.58161336959216,65.3238306032515,58.16662493125684,2.3612395766611978,61.974269050716494,78.53301727480104,35.64922058684423,20.756775854463744,59.83306091487507
23.157471577721658,82.22527883070549,5.928230504822448,3.2222872363605743,15.021362005262212,63.865144171745676,36.47679630317042,77.85857519340249,41.69000787599352
90.95921973946436,52.68758902425662,36.01382428317923,3.3308342188083357,25.402650730864945,68.59522389296403,23.989292684205104,76.06864902823554,63.822074981380446
15.031918331543892,183.5211010400531,54.182606121547586,4.486076929462028,40.44957385704363,20.87421616472954,12.270991819293624,27.3118162670106,74.03962468733893
75.18372253854442,125.01052305790168,13.347317418759168,3.2196814426193163,116.86859599911557,76.92890409002958,21.634782697507937,60.380016679289014,81.82093412174076
85.97024885906073,92.15325501745518,38.309558464872175,3.108274565324303,46.448170781335584,17.360204947367414,34.1061297838781,52.47871887168212,72.16372524710754
50.115775297959814,103.16104465594388,8.154295335179825,0.4265949987473808,63.024516392329076,76.21152520822292,37.05322085638686,28.309636685637802,59.19845012826006
92.71665647966151,190.51100113012677,12.46495722972697,2.6401993075315002,31.570748401223224,79.59590492934419,16.104182274927876,88.63977589425065,103.6849906279352
14.27003499146692,47.60325256089443,42.70771123915163,0.8358281040035042,77.18580781833451,57.514378848191804,12.009208360758146,35.02871212243488,31.830598326100084
15.22874642489002,125.5213697630235,17.607996634090732,3.7134254667352797,40.875153706757175,78.5292110797621,36.32051359398516,24.70639260633928,55.19235286833338
125.16407849235216,111.05996219920388,58.91638058484802,2.6098874119821054,32.76918362822694,46.42410280623409,21.682148169366258,61.63931656513367,95.84480984889198
60.426689797576806,130.0617623782366,70.49917206804024,3.4331161181209318,66.8229891290577,22.244259087735045,26.252828928026897,71.72066739931228,78.12560036826629
27.78847177126387,23.259833087751293,81.05573641536287,0.3041972129516829,10.60563790764629,36.08567908191843,39.04197436152277,22.271041223303087,28.83767533879714
83.1140564076726,176.98230360994728,24.01427320325696,0.5154808786244358,10.843043591414785,48.297752959545306,11.996941837426686,66.11023471089155,92.21426167255136
117.79909743380551,187.78129084705023,20.910845314611628,3.6099846015071435,34.097569001204356,7.7003618381071695,29.449540223562867,57.26043131660181,111.24499190257114
40.21494384955804,121.72397304605761,14.933944831768024,0.45321324639349947,14.039349875090325,50.5427746401452,12.223162677246012,27.22855062125339,57.77888340897257
97.20466661466004,145.3971482978406,65.46087370664549,0.4491579660497672,21.88283295437605,78.53187126745897,21.26406785399501,32.076671386245344,94.51699168302227
21.948645099127518,186.04988861191322,72.11519401625561,0.15933152865094852,47.274671427262675,16.828396683130755,34.114436355803406,59.75820081212564,75.17042895902115
17.23544096360508,147.30295417641173,8.000683758435994,4.786856851667452,98.28442475377942,63.8224190704939,23.004166982669034,40.74503294593019,64.77733005709027
84.38964841954072,47.45702772456704,93.94016339315053,3.7137909613491344,72.92535077062308,72.81610591481031,39.915470617088516,85.68210100559213,68.38784782012226
85.68891702541491,123.73190483002637,9.93727194688988,1.8309319016601147,66.3934498552058,75.60872423997722,26.771778548398064,77.31181606388355,81.31990606028212
99.24018620974891,129.20870834891406,56.423151853601695,1.5530243483095107,42.28377055289338,76.89057714362488,19.634864579078602,88.84970445595641,91.61274390706939
111.65278672117262,96.34352083442948,72.36074934783706,1.813545825754663,112.4929091376098,42.67385182027481,16.603339777142594,38.17695872652898,90.37212974723049
146.61929112475485,152.55996241245012,87.74206675587813,3.8958023027877915,53.67165453609108,78.2300168233373,20.515616028584855,87.88065429585839,123.680797719984
82.28204876216735,188.18606265842268,72.83825855258064,3.340715994245031,19.580204347534863,61.07019615648623,21.175998212786524,50.18637088540905,104.02570017709789
55.213906211774436,186.60233232321974,81.16416789163023,1.0074582825505929,77.87731677295814,14.610372026483027,12.061410331718829,44.326315671962824,91.81452169336137
121.32606726761851,101.15108685274377,37.24776829156657,0.9531357431370133,22.522223282426154,39.19820830450166,21.087225982803197,23.52446688785473,86.6396871145106
47.91651517669039,40.38284825133594,82.40838580591866,0.5821386835956469,47.97454570818613,58.02983167901631,23.927155592176746,23.693568050172182,45.40465667962457
71.45599889878906,197.27141581322022,12.61091040654414,3.3354833265365573,65.81531325895898,21.2925446338885,31.68213256716414,68.44078791626583,96.71579156531504
20.983893387917234,171.00165556026815,90.00758232575012,3.8454260448865063,106.16447771536934,51.967984316813215,29.70188454164824,52.05502961038195,80.44686140231798
13.549104078164051,42.43928261658803,57.02127573460494,1.39872749879252,64.29012383741306,53.9948373656363,31.262969656874628,35.8565138225274,31.166529548647514
144.7707780549095,185.75153887112702,82.6432881464369,0.20263030905147278,87.24846426348307,14.69058001706814,10.250910456305713,62.97792144276629,127.19768422102463
127.03721687170882,176.5813451711831,47.97023702923851,0.502641170634494,119.20985228989774,46.07665437131499,16.53002198741608,37.70006827750778,117.35328050665743
107.43638885311772,113.39085028269298,66.13988104366987,4.84251417074065,24.46380318877798,62.1868990563314,29.850528651995695,60.43422280410958,92.78084801341808
67.25341221799778,126.42957843408726,55.008252788930754,1.5476794096393596,40.220467807147145,40.913861833803466,24.519681045392414,45.14461228878832,75.93545958800524
34.26120480991841,91.82048669662345,74.50100456675654,3.869193424406855,53.403368315741105,2.944043108536379,10.159404270050379,77.64865586282733,55.38729238525079
31.901185973952046,29.857094987965638,12.75484829290601,3.1608514873858926,56.40109963927145,2.70500058818479,34.13483927295467,77.44873125367455,29.109244214019814
45.034005743043345,80.33550349626216,10.73344797910356,1.9715042342991902,55.21231827921003,29.84828882966095,33.18428719871012,53.41452786856809,49.41213273374909
86.89173305885687,164.51362074764205,28.47480723096391,1.1078675847582202,109.83721028122105,74.24313733767899,26.45257488980688,44.55733765345109,97.27014513663498
110.04342917800872,20.833764140828514,20.15674461075289,0.6947934489810915,88.54359089135421,19.836788809081483,11.993899773288163,45.37918575913662,58.39698780853021
102.42763274048238,80.02985090440595,87.81943882625916,3.113563543390447,76.86957354997742,51.4803677319916,32.99545148597754,76.40001679677525,83.29301285762953
49.190745572432,91.6703648463698,25.82532879901421,3.8957055251251616,44.03099896490603,19.321917914079005,27.51140763194092,42.97256379583284,56.82329193185957
143.68113929284718,116.73120852882612,97.70719930281747,3.255130842351541,100.61694226434241,27.090259193444794,33.458799314738776,34.63415615947922,111.90302912130934
113.30556833740759,185.57401095429688,37.00510021825515,2.698480452920876,115.05665626334878,68.14728298891575,32.55240977187521,25.928183931271477,116.55361805861172
87.6095673515961,82.34227898587302,22.30120199042643,0.30556099481501775,100.33181108052491,58.851192497055855,34.090062158735115,52.66851846190859,70.24134200913704
95.64090447280931,82.45157634132099,80.02135817853552,4.845595010212481,10.17216157106202,9.441143630430428,25.540241992138746,53.749246924388935,76.82023077966066
68.74400873989059,152.7502246597547,67.57723867258323,4.0136995391074155,80.00415072017478,35.43875763694182,14.20973554580545,78.8636097282035,89.86623971810423
44.68233853016204,101.3992293601653,52.3285930630482,1.5348279798347275,15.62489195863108,4.275241564330629,30.13472420139066,35.48670875122448,56.05539818240204
59.83617501117662,60.42886812919675,57.75953733907497,4.901854613858368,38.33679423670941,39.5094314350347,28.614213551559118,46.66938915678799,56.63325007458275
116.09845546501168,101.4391129038848,73.32416893586506,3.0492197892179784,16.547717038254888,53.66985291268331,32.26759561597262,76.58840172255836,90.76363123752152
12.015088408165822,45.35426366836397,26.70320042647338,2.9538710252155083,76.41749982443265,11.243204640655822,15.09643018152206,77.65365275242814,28.41954075489279
26.250169670968273,51.749657571120196,99.65172202539048,3.7655585792047077,85.52489048418674,24.533025234914923,15.849255997008676,46.92277531851377,45.25859170742221
16.440369883045385,109.70619909310635,97.6053504039444,4.077671961641674,22.593640187249562,33.03125678916824,36.712285516579854,52.138681630067666,56.10745953200706
15.70203232465582,95.40658091081862,66.780940202959,3.316745175924363,52.222277134947745,73.72341992317187,32.49933395356213,41.2300123594498,51.19491125223416
129.764481761541,184.67226219225802,23.95653283826879,0.7276691571943802,60.18601598510962,79.4738912029912,37.24685466100969,85.27884148935185,117.4137891627201
108.51210031320332,85.23090184099397,69.62168303097268,1.7575107793730425,50.595832393700825,5.503081321658037,32.76145963491762,28.30506360191062,80.49873544581779
76.38433607222552,124.50590305004782,11.858848853021705,4.647609837597644,23.312750053371236,61.35861803264058,27.914659179709055,85.3624596101029,77.97256847110495
23.696782491140205,133.80757182551548,7.9119877095515765,1.2006164980348746,56.084256920622295,30.994477179382773,29.62398211083621,67.87065162847404,55.96673651810101
78.82622251635652,22.357002185900054,29.4798744085653,1.9236184168038155,92.629585258926,32.61173852589944,36.6738377182003,57.210050688071185,49.371261709214245
76.28604790927919,139.4367269630079,48.94918089023505,2.2171767264265605,17.8108430986581,60.83266792106777,27.364202635358215,22.28613425491471,83.38970761905041
34.24826178740213,52.04647403655526,87.48588801379616,2.253084449502816,18.81980154900938,73.63726170734188,28.97173972985162,53.29173342754058,44.93777333962743
70.73923089331623,192.99265714450192,74.08106162779926,3.1034039542231753,49.024842101958264,76.17243037119877,14.694301480108017,48.542367350191256,102.96486324133804
65.79066281563229,46.759290995560335,75.5571195139982,4.721071604949067,113.58982827808175,47.01556171098902,24.21763660348308,31.28531683825858,60.651105480723444
96.21901372731031,94.63234227086427,45.42186677256716,1.2793942879792746,83.54299113952055,29.85545042543922,31.49191335874297,65.94867224504598,78.36881121566739
98.91311112147014,35.362940254155895,37.86382429196148,0.6953567438744985,84.65369523398213,63.42882869698478,18.128280949490964,87.98056351578,62.059991894453816
16.342561368086233,199.43736533227053,40.24868248353726,1.067605400313693,49.811198992165146,21.57810789445942,16.067625415736046,59.35321677451676,75.0301731399143
62.44576604770597,110.39510185962367,98.82670855492549,4.445932011025421,75.30268703293923,45.997774249014384,19.414804246732466,70.0327293510762,78.49046290758514
97.62038819999309,127.16930311760788,8.810373184185835,3.26447298201051,11.114430243051771,29.969119998940105,17.245018839785004,24.791531679621173,83.39863402780828
80.43907620121227,32.073765929916945,87.36799213163262,1.5009432672718848,79.97056510504964,53.217223749214334,16.447379111091877,49.23668970718963,58.69489218260834
129.9085777663651,154.992884671852,59.97416381437738,4.098140000946224,110.46156423338604,20.751115205693537,22.745525286042607,28.14509396151471,115.11748686243959
102.2171084266523,57.783006757205435,46.66846482301109,4.3207129821808365,77.38308151793011,16.94424976731641,37.23515541650602,62.89570848755573,71.92567142656684
32.81081979140016,181.6497720993285,73.89947773943797,4.247920259582362,106.10684528129795,73.62264876068409,25.21178940216155,85.69375107499083,88.24360228198387
19.87962463606018,56.92513528676129,51.233549435346774,4.602740014833817,89.63703610127033,9.94068727006388,15.637611424459692,66.3244412730147,39.73437156738766
99.93869894888418,54.32378971945998,87.97520761775775,1.335980998849472,23.261425804405928,41.46471680332467,12.309150081426221,25.376213382009507,69.64242538640346
13.711583475827053,26.57894021265708,90.56667708106956,3.799705450856764,109.26986380144258,19.226517071114696,30.884684354137757,44.8266343489558,32.739507656719525
92.00858137828486,104.97205011979986,45.063488052978265,2.3566435366432863,17.308822879135235,5.036537139402061,21.483962933091632,58.546436560859604,76.27530793012188
141.63223379949406,121.67140398727096,31.2986407373299,4.225792909161301,68.73642198025402,4.809467826731258,34.65492839756078,48.224542929327654,104.18726618922248
90.56638490262306,31.827555097103428,61.27328121636941,3.669604318091905,25.635083617280344,15.667298224254534,29.785323059223106,78.35508073326207,57.63687202198585
64.34378966891308,159.5949710051019,91.67451783358564,3.904592487848651,11.287727180399447,69.60808765146803,33.88724351624106,77.02697032969925,90.73284218189639
100.06035058192944,101.59199025464497,25.012907955538324,3.315193004637251,56.42376861404029,24.03334203020808,18.158381182553462,62.8281714072255,80.34107664156876
74.15540466881232,114.39024847896441,64.18182543853086,0.9694009704015637,42.454477841957186,76.13581530487306,30.770767673831745,46.14205615928937,77.2963345828104
86.38635050423089,99.33729444888107,64.99822090878945,2.770631902594998,63.46005431773633,47.366538853157095,17.921859540811564,37.87354616342709,79.1675121883753
141.80507322871352,92.13735095755868,74.64573712945169,4.92488172367009,73.49198754080058,36.05590680196376,38.17205438350875,27.411202274919052,102.23008473250648
64.05436929210839,120.73525963547922,17.498930087089683,4.693201525835883,14.811297953984209,47.24692910421746,29.09122844600123,44.84283784405878,71.38833149494207
144.566678935348,47.94324426752825,73.0033716447984,0.3115513054053572,23.530362463612022,42.302474047648886,19.735354005260263,48.92207620454037,83.11317514984592
136.74908987384893,52.7470634891488,91.3580894632359,0.907592597074242,71.45066360954678,61.18454779307136,18.08535586876818,67.30760475728516,87.19891710981295
37.4107588705015,175.1214117824331,22.069895342672986,0.7454709899273534,47.748408848992405,24.034693145882475,15.727797552149305,66.07118770083014,74.04234270686894
19.710582122523164,190.3007831840539,27.566615867768377,3.6573015589279483,90.20908363043928,29.537930544823585,30.839228766811832,24.907569774887985,77.37578165869338
24.108920192839733,87.19567693035553,97.28253393395576,4.10714811629903,81.75208134511337,71.73935559759356,16.56146838993782,47.668152080181045,57.31224451307251
12.551055591216961,68.73404116583967,22.19281050740153,1.1462056949222925,103.01647992888975,75.82360802573163,27.85909797782467,32.72452070521533,37.9481257296322
23.222014505829975,135.91991778302284,86.16658387011002,2.5786781954639624,86.17421093361479,71.619541743945,17.939050807760722,30.976889372176398,69.1498053535918
105.62094827828996,93.57215079765736,51.766396362563306,4.21944483725488,57.29241851291629,34.71694352867046,29.85906834381606,77.91115048160722,84.31657712620374
19.966410784432057,24.569544018862075,28.486952068301818,3.690727569354628,84.02632846338756,62.86850923453677,34.44819185621618,22.934065170138027,29.241592180512473
54.656588241126585,48.10746752591427,87.72124062088858,2.756962306910057,40.29192916809603,39.154187197485705,33.340757294339596,49.34280131314849,51.796267741502916
128.28254353572362,148.87500119253156,47.30399922525322,2.9927036832479876,43.69448486560339,40.80810846739597,32.82553992792345,31.774255903656275,107.92375104447218
13.25807100301562,138.60630954382725,53.90764862332057,2.590966679889772,96.78836759128727,17.96504850646815,15.631672170767562,81.55311509749319,60.604523611464025
124.02558756245101,24.877278650627026,39.12717009297774,1.557987411462221,59.10614680417404,48.10816365416429,12.651548409535561,58.99283592925246,67.90483856384542
49.45966846827599,59.9549891479309,61.33033088631811,2.868607765009179,97.82183745701877,16.518600024761138,30.96846485462157,36.19664454637936,52.48902685941966
26.543075867031874,61.59346338585285,20.53476789557716,3.475537980045445,100.46646110351062,27.862046527241112,21.05041641383054,55.16991010164635,41.04070951370935
107.54320315098109,140.94069384777112,42.15274598191727,4.379282287717958,104.33185714274121,68.69235572635495,22.97038679210042,71.2040451792181,102.54525694408827
98.05199854918376,23.547896795785547,97.09417062185231,3.217827634498316,110.82987594253281,18.151913118446707,10.934472783801732,87.06826062436036,65.66150260814169
132.8460818937874,38.73954475722329,29.522676106607115,3.8294955315114745,57.40837425646259,7.550346243527759,17.787293478251478,35.43122029717932,74.78999535185366
112.90994613254401,163.9848953671741,67.38998313142275,0.8843510112774077,45.07535001532527,7.382592223799672,11.01029211623392,82.03272404905417,104.60569349954575
122.4873302538788,52.13803916978005,35.89305610134601,2.3616316246569706,74.04186212535252,75.38119259924241,36.37557317803743,85.40128799172432,78.05843382350685
49.48484015998291,137.49429941333744,78.47994694022707,0.14572493715275717,50.82896657813903,41.5397941610231,17.301900496555916,84.14943811724464,73.65438355612798
34.8415361291612,62.87290058841077,17.432997768243233,1.308726436155953,76.11815834802563,33.93414160172743,26.72011508719024,64.47900498033368,41.35312583865563
115.08606522972016,37.89945069668213,97.13299928246175,3.6596624040537242,87.6144448908207,65.24852931861764,11.169379619833911,64.08744581042953,78.42037234366452
122.95686349741696,63.77099437990174,48.110006431445726,4.959868761611881,85.72455203413506,67.19442237702025,30.00542173916974,48.22474432286759,85.73086183825153
148.67071988009425,150.00804773401865,27.424794017914074,0.585972687977358,51.200817572213346,27.91090058301716,19.690820372622817,72.66785176126515,111.75474026977359
67.7664747675997,174.02536425913144,11.982190996351203,2.0673221477203128,28.35462218686281,56.10220848295603,36.93757560872997,57.19058128456523,86.80258196562569
62.082532010989645,169.4395756220585,21.12700098331637,4.020347746625882,57.35822723084283,62.147579636447155,36.643545668021076,67.42066498598061,87.77322367933544
118.69781450387956,91.49303533132186,54.37852511282168,1.0997746096816043,25.68535584900996,53.06275357554445,19.758718550852436,49.99205326941568,85.40206899313988
57.7124956354225,140.2553245827163,37.0153017609722,2.819916251581203,107.91067387021891,13.824415834407752,37.02882687071404,71.20475248301973,77.76979654189364
140.30602558449905,56.89717317484777,83.7439197588479,3.692049350545407,48.04652068116432,70.31888051433044,39.88473020496336,77.71300623231843,91.1762735724589
130.17778525802166,72.76659144698239,45.93431474787156,3.1183287062748777,26.990572194565615,44.04937511340868,34.76246992371844,30.25053796219713,85.16484908376414
70.05916383250258,181.34044733380156,28.62785589582484,1.0213211996155391,12.799253589632595,24.03284925686029,35.34614043265687,78.30508009019596,88.15151166466417
115.12194949080963,22.340346231932486,63.62877372738286,1.8413843865601234,81.04046249151327,35.16779846414013,17.470262083272697,57.82075722532151,66.76555847298468
115.63600237185553,35.39153555380425,72.14383560411736,3.940579743978447,80.05925492002176,4.930545051114776,27.30107196573269,79.12661363631571,72.2763149178305
24.437341637030563,57.41952592628492,20.868981250590238,2.8157099192468817,47.466458323942085,11.97361049534857,12.017677419021036,50.191119443871024,34.875405917968145
136.35740693513935,24.775796697287547,20.92382554739018,0.1256251063602724,17.88830777324161,61.712646540237145,12.847538104650091,46.532833976812455,68.17375716001523
80.7353321427,52.658378316163514,8.483785558686582,3.8288547241376603,55.05917843847552,2.000907510918559,39.96677836099872,84.05425127620558,55.62188392940508
125.70404525508383,124.94748097454459,74.95819143123585,0.2730256392071715,44.23392445697329,34.49213462161879,19.799177482777328,37.581848728388096,99.47101013065728
54.806944144285644,95.85641910664962,68.06143012407148,3.754095535383038,84.48327037085103,42.7557941246759,32.44551736146539,79.09486277003002,67.60189516227567
135.37325198946806,180.68090799385547,50.089933196232316,1.0921547448096633,76.63571743979594,6.261484760075839,34.199951590804496,53.88144007565829,118.59958136837035
64.48823502278285,167.13984111291936,85.19619265207373,4.794560052584963,50.1053101017294,77.90009671184197,35.74069813021688,55.98668097858818,95.65169600145985
11.51727120724177,81.52712330561768,81.53866453025505,1.9029096813802142,33.96818096804891,19.63777583747441,39.928848922064695,41.59277970426388,41.802119449263905
136.75347669869691,66.69621801763265,60.60866461769145,1.7019649200565878,118.6839562771151,25.727500131629906,17.244894557706036,60.1129540433311,89.69366028703155
22.7801347500587,88.34463347010804,87.48577164875957,0.829551446628979,59.94017833157264,25.70751595589213,11.21052480579099,42.76478373933479,49.47595726693407
54.70390926265808,126.2530896526654,24.554914953492982,1.5974606559020532,85.71016593582607,19.97249964515329,22.33574553983758,22.74885899691566,69.09457603116317
143.0086753871127,68.25145534811773,15.632363842784148,4.395588732958183,25.460826433619687,2.1149581227322907,13.902420094868408,39.039902374104926,85.0165211043346
143.08500057125786,132.3468034128441,30.626213094114014,4.982038254373512,63.41486696253376,58.88889393886372,10.672776674861653,20.446533038461347,111.09788886121116
90.28130433726005,93.69409739442328,10.42325132848491,1.9047166994835572,13.029039185641203,77.41394898434426,20.812804814244583,88.48483509397997,71.68994219406233
98.4572097037719,119.36849255335645,55.46110516009804,2.298192091677259,65.6000629701495,19.494891696233516,33.51214753225709,87.60230468738233,87.29248198852191
72.78237307696477,98.502775244357,93.97754076802134,3.638147597193412,116.04191478294726,53.71768096066695,26.985420736752125,47.66087082306135,80.18766326526925
51.049508037729034,73.00383671754518,8.737636363508416,4.442359324278865,52.26273842843803,59.86791350277978,19.38333967631062,70.98595980377522,53.24360978754577
56.01303635178824,190.7215952531882,16.600441830952548,3.0059172375152428,14.289561383240274,68.17717956906093,29.630260164781593,44.20642688872975,88.41099158489732
104.15258385078538,157.44904294875695,47.95890768692635,2.018475921071364,13.405137001127787,34.96507736706151,16.96054540926432,66.97652099601832,98.1286238331147
115.3324341212752,45.22037163796146,93.71812666515096,2.1218470201582567,52.67854359415564,25.62861063995348,10.43144338216255,76.38010301321853,75.10810253827732
120.8210661216188,176.3242356616243,35.0348299727913,3.508528917834354,27.602743010951343,27.37302045379643,32.93060159309282,86.27293712845685,110.98649723548569
120.54653999123755,107.73761568491246,53.18730682539728,0.11576949166096555,12.568730596100451,57.584463981684,28.712292545920274,48.01485930947704,89.48206060505868
22.768854426816652,181.01940084093644,8.94942160978725,3.1359877535532195,93.18349753451945,65.70879838743961,32.8690787350288,74.83085880692335,75.3889067336375
79.21884265836141,163.97394607051675,19.092604091398442,1.8419157511626514,60.437530977007974,16.165889485015008,11.168140500629969,38.61499154424831,88.46106806790323
18.0582264023302,96.53843080446202,98.72986168109045,3.991566923257713,41.816924916991994,30.933398636305686,35.11358883491957,89.32326126555539,53.68688907130233
86.93404352532298,24.044475497621132,96.68627616142433,0.5556541351333476,109.00915013181287,72.3513353464337,28.5857860010891,21.80387191350458,61.27926608460364
71.81427019227277,68.36192468929029,5.469298188768914,2.9821911080471137,22.775285622057815,64.92209453618966,26.901860521379206,62.247016455078466,57.14827541853258
134.27858558616197,117.49415863895605,95.4221196152077,2.4567671604420065,115.15107118508512,78.81895541547311,28.738421443435946,66.16541871559289,110.65716227814231
59.12810175729101,134.0260795687065,65.71639409247254,3.247395076935615,44.53633891150881,60.8313642552023,35.93299740605092,68.16318899518902,78.94648421804678
26.38938229986482,66.41978337797642,87.4522379794021,0.41778261296654495,107.72440395395493,32.66922568017794,27.608095196767213,28.42713051523623,46.664375825952256
30.01883548739702,45.08409333310834,48.20028628521661,2.9419205583978436,76.32371641274077,48.06975105158175,27.42851139664538,85.69708484311913,39.514384755026946
116.61148844044611,170.28744262387383,53.98162271502877,2.8512744810016666,100.93780957156362,53.559111831290984,39.72037471197297,32.682829533505796,113.70511098598787
96.55052886427654,197.1923925266394,51.44042512440742,2.847234462639238,118.24144795315107,8.119553672735668,32.70190501205704,63.592738226788875,112.08725636007675
24.157174657190634,114.62423281448345,68.35210446687992,3.0570895663226287,41.72459816006203,44.470762810101476,23.26881416353406,35.58732553861594,58.25220776874009
21.77495285609964,50.902271452694634,18.266869201849726,3.414692892409175,115.72490339483522,57.32702462086355,31.221910000987833,41.50514919148896,37.874638791627326
108.1356784042768,69.01531877348641,7.847491037904406,4.044446098435772,52.84300843926624,15.05106171208271,21.676914150753653,58.25209792096871,72.1827657035503
20.186820890987093,23.31032177854401,34.25334445116314,1.4221215286282505,52.40630952106145,62.88927395919346,16.86626387450497,49.20353929952036,25.680060037715347
125.06040830064987,184.57378518088981,71.94467245998143,4.142742109882304,47.44258146799562,47.534276880100705,27.905556306632782,31.21579206835544,121.48235114781215
108.87391180190947,41.195194920225404,24.176077951680096,2.541452843090923,69.55483680823437,76.27329928441239,37.84546294341854,31.96554816945938,68.15859063972269
21.388829289865967,123.77296559256564,68.97608116586714,0.4775855677582227,26.95595474963358,5.308939260137552,37.87418560046388,49.27013517139598,54.67585977854958
21.877279971926868,69.32993972369708,97.1416443801907,0.3868995532954981,70.90826338938123,22.695438729326423,20.25715834316471,73.00980847928506,44.331143003129824
148.12954099016457,119.75204045284282,13.920567999994747,1.7377677616106981,69.58752936510044,48.921202585386276,25.83032398665085,82.8575252793452,104.2326896910532
62.397911405856846,137.25566990333556,68.89720123138699,3.9459951878461914,93.8091993865357,25.131673152062593,16.349076957095836,25.888936358156798,82.91862447125821
61.88990058936473,169.35352466729628,47.15627083393426,3.5676365802304875,101.70149581313441,57.72508479755689,39.8689332849665,47.517273529158075,91.81661033009325
123.79193941605035,57.155828916908575,87.47351416586301,3.964213326894792,58.448548534366644,61.20241203671062,39.43353723603807,27.017189460601365,85.35763721352767
142.61480083374022,21.979249158526486,21.82922999750166,2.634618376563886,43.25665742866431,9.996245197185008,29.48526789122342,21.161473644281852,71.11988158866056
148.04014893520193,44.63941341238531,70.79946546148562,2.256975089981904,38.52683870488039,42.08064820812788,34.1324217903242,66.32030778507696,85.97517957957724
115.47294593625183,182.00335553265893,84.62095251657047,0.8225173808607914,31.408622037535913,41.69346333610236,31.453004838511,62.171460937661145,113.72990193549816
62.67634197432821,177.30021396125275,94.7383508500322,1.7081444926856268,16.341234041892736,30.8039000768122,27.794746571184046,31.411337967042034,91.7998372617312
21.690100337813625,127.5343583906555,69.90856268751635,2.226694894251989,47.66927767181847,74.76813928043443,11.600439909666932,36.36689831651449,62.275769662938366
118.80056822984115,128.0930348780576,52.2316025808006,0.5341421054301245,39.72724613438616,66.54549295011125,23.642930276579833,21.659542755116288,97.0190770730888
88.1765949630127,139.706601418326,63.695487819115314,1.1809985682849353,116.30591244530481,56.38233178895167,30.243589065022316,78.44630439860826,93.36757797261217
69.39108129457668,51.56683015222093,87.54597352547823,3.0313039409123204,71.34797088750483,57.71747758732981,30.32594841651054,88.2283417233986,61.46565528069884
136.88961391326302,184.59415026649276,59.20792593068882,3.7047492597720306,48.20047429335583,38.01385921742329,21.193678552671507,29.482167575628356,124.07034917363289
25.567647522861186,95.37869448057316,7.886770671199502,4.991902805825453,73.85143610930656,73.83757264553292,38.25075959974092,36.20326496357087,52.0056976640038
78.96751460072028,88.96493508490954,93.44012607316289,4.672255323583433,25.311637148026506,56.17844332575626,15.02071096710343,80.78866667628537,76.36725832034983
11.58951026743867,113.40518695091076,70.50504134799831,3.2485694777224388,58.84481241224232,58.860522809153686,25.01078338646682,84.85246585693294,54.84170056584077
75.61248987917767,28.453874019509907,69.26877164883842,2.164115461140953,78.88577535631703,69.21189049541293,30.726519296524685,49.37391679647672,55.27703407613534
17.88245859545723,49.931006376094295,25.48913947778313,3.2172690870703406,63.778761497169654,23.3775839686909,30.914074176754276,23.54357305883519,32.256285659152866
26.63450827753007,152.84605095674667,67.59411967210244,3.9496929285931373,54.19566807197567,64.95153050160283,29.459168703064467,22.757428358497357,73.17408342251832
26.453674548794684,34.90376022652276,42.41711853714506,0.6798473355245979,119.3233227789668,17.228767030606377,18.258646403555804,60.176490624830734,32.801761567192464
100.8894422962489,128.56737970394988,66.86713281894174,2.1085339595118127,106.83462383638197,28.93667227510125,14.686197060598658,47.502657622522534,94.50980287666468
114.44628309715927,64.16283974263777,15.126337879259118,4.215031199614525,78.57465539753841,28.17761543304773,29.078209804801325,22.005669930435815,76.09264369072478
91.67162711360234,90.07321052755577,67.49530393728843,1.980781464471916,72.6315097300511,78.32498653435296,27.979063484183133,60.827667461878974,79.96875067512863
144.70415678643587,71.96487261872598,99.94430394821332,2.9021741290132144,78.27265278070425,68.80990345233829,15.38068030867723,20.791177561231574,99.72185683567884
62.481881133318566,84.02108896369084,9.580143691752824,2.9800698682247715,32.14433186046766,56.69124920404026,31.1541743671169,75.11603707044911,58.578942433060135
49.9996920794605,149.42826293316418,97.83154750102514,1.003933640354833,53.46515175907505,58.71042740600043,23.655159752009695,41.450297589236015,81.22422306044457
131.60387794652445,73.4819088121715,43.656256268672706,1.8749536640962132,14.340548617998925,45.84167796340054,30.032817748094587,22.818060210646248,83.93581444229469
41.30341739272337,121.95283525344149,87.72157778203962,1.7391053148354678,62.31006412355093,75.87307203446449,35.12101239310452,61.18465546882073,70.527637434062
144.8511555216856,105.68907239583794,79.32662098553598,0.2283638718071175,69.73270423534295,40.7081827248242,15.091852857307694,47.83790901031383,103.3302542457947
11.701626456574289,139.46080976527668,58.86654479373344,0.21853964306764073,35.05247097135306,31.680381369851773,10.5743460399051,88.16602893500047,55.96073025171395
145.78303573906948,188.62935307845643,75.15267487887601,4.17531551401129,116.04317318820651,14.716756280664098,33.3730775918736,58.09390637525915,133.13059969450714
16.042387673080654,151.86297749784507,88.45897832362805,1.438046968866781,110.04000720309662,63.324040876362524,28.290922754578478,39.26674267259058,70.92799552378833
134.76003591772997,58.68926814633622,43.393330556848134,2.6385859545701957,89.43575590014964,59.28662670189613,30.989187088663652,69.66072052437823,85.92483295135015
83.87815527208198,25.61296431103124,36.06815034850767,1.5637553105849882,68.67252916418988,31.97969300488252,35.14464924965928,39.00444017798979,51.43833285603154
149.01507145670206,67.20752797396852,68.42137162854056,4.7093283010651685,105.69660756124534,3.96508628881989,34.08432804473502,83.29703039852956,96.80283713129387
20.33151906295584,127.11402752604587,81.74536448441957,1.3705541184422916,24.37175782058092,67.44179156200484,38.82760440786474,46.23053793551635,60.402583919009636
87.5395998161849,29.256646427165062,77.4170878037785,2.2053183824207823,96.95607737023735,2.8906027094177436,26.078052365563547,58.49079939433437,58.73219502140487
145.70235498667387,109.34592449622254,80.79229664157027,4.376378227374549,23.73028953635331,56.88858281106597,24.65486897979716,23.54011726769602,107.57127085243884
83.23369818382083,127.43171280504006,46.380414907228634,4.225474477279862,97.36317288043459,77.68005455863245,22.056615996721902,49.82848665665615,89.13867045499643
98.11580933893676,80.16390034705294,82.69425053662705,1.011896947446759,40.33443250764927,36.13758359555987,14.610731285326136,78.26544777626964,76.4004166459605
107.40481645784641,158.76419667424796,16.419860260207802,4.032952217998981,106.47996391200078,20.327925589684316,27.178216986460672,76.39541637543394,102.60651830451695
73.63574906748825,39.187685564078926,56.726464306280704,2.3451157450156743,113.84463032079375,56.97993878338377,18.310375729779363,35.70229911974684,57.769595927071606
97.85813121176888,33.524800712445575,5.5470727473215495,2.466547473218241,26.36755663456272,65.73599507721565,37.63922536638927,35.82553497073938,56.827125031980536
91.80400366923404,151.0739761166486,35.83565384052568,0.7540518648381246,60.894316557193285,44.62156465407209,27.495724128312926,77.21137185492657,91.65720561214214
136.16212146873846,109.18843691711572,39.8138458127828,0.4949474174099109,117.90861159789536,77.4287514699794,27.785205415243304,85.12788941185279,101.46457981471202
16.362493247804103,143.9124313569925,42.63640570287926,3.6669026041714496,63.17481795704613,6.030160289320966,20.6477398263103,26.675264489110248,61.109518792997115
49.334846542912246,98.26892094867432,71.0693846355369,2.532659646540969,104.99022747659997,41.374056667753194,11.559680559331225,51.50410475983577,66.17242721907951
143.05760777071822,64.35236598303922,41.913019620682846,2.24056844281438,74.76046743444519,58.03940789115891,10.952312961189659,43.62179952749602,89.60061707436194
134.63692974472826,167.43841718135596,47.625894149140414,3.6745903203967445,51.28628987115621,69.28595674963596,22.700054324595925,80.94819188202075,118.55208911864851
73.79194538999981,163.89485821441627,27.56669243306111,3.851013205056438,41.43619110784572,15.981937728807624,12.536961342917134,25.846744027601314,88.16382451052002
96.81856369221514,145.04536475379683,40.458920204787304,0.8786500215798325,32.354540019469596,64.40027157756715,28.205408666204175,34.778815979062614,92.0033175249355
48.833365617358574,68.9861247013933,26.59061458999939,3.0901032324404425,93.7978010515467,45.11115190604653,36.429190169189724,72.67278363105461,52.923795996681456
36.336962361326584,126.24152003643567,11.953612758002146,0.7632350031606591,52.51945575053307,32.931187195217134,36.48744449556166,23.59056942868509,58.63836938170972
74.9177766915975,84.97530144920482,62.3276163712309,3.7817379215423244,66.24030084208263,12.273772229169298,29.77136230396697,54.47747665000025,69.39990432362848
59.469311923647396,36.484773198794144,68.48021586272654,3.319080265708984,64.15580280013,69.49306919489517,16.33695494418793,50.9474924275804,51.5827021808301
91.7118556591221,185.1164435832037,63.851582870913376,4.787411643308944,73.50069321564445,14.267310238017798,35.88990494076616,43.40808252921241,107.78064544169334
20.882849175097878,44.62735356541305,49.03193416105437,0.4378942801464638,105.21348601870075,26.163453018309742,36.58280305939624,47.620062072324664,33.651280387765496
146.4152730732633,191.04272368774443,41.07964911702683,0.37956813364114617,117.88132779417724,24.623551493070075,15.899607548588762,57.095841085116305,127.49170334533484
148.0695042271444,100.28103913243203,87.0166967093234,1.4827166659966808,54.83426294311986,69.97029466688663,32.12278257312032,31.29571508718682,105.73672764801672
